questionFrontendId,title,isPaidOnly,difficulty,likeDislike_ratio,likes,dislikes
1212,"Team Scores in Football Tournament",1,Medium,,10,0
1211,"Queries Quality and Percentage",1,Easy,0,4,12
1206,"Design Skiplist",0,Hard,5,39,7
1220,"Count Vowels Permutation",0,Hard,3,59,17
1219,"Path with Maximum Gold",0,Medium,19,96,5
1218,"Longest Arithmetic Subsequence of Given Difference",0,Medium,8,113,13
1217,"Play with Chips",0,Easy,0,39,187
1205,"Monthly Transactions II",1,Medium,1,6,4
1204,"Last Person to Fit in the Elevator",1,Medium,12,12,1
1210,"Minimum Moves to Reach Target with Rotations",0,Hard,4,65,15
1208,"Get Equal Substrings Within Budget",0,Medium,9,97,10
1209,"Remove All Adjacent Duplicates in String II",0,Medium,26,134,5
1207,"Unique Number of Occurrences",0,Easy,36,73,2
1194,"Tournament Winners",1,Hard,2,8,3
1193,"Monthly Transactions I",1,Medium,,10,0
1195,"Fizz Buzz Multithreaded",0,Medium,4,43,9
1203,"Sort Items by Groups Respecting Dependencies",0,Hard,4,60,13
1202,"Smallest String With Swaps",0,Medium,23,165,7
1201,"Ugly Number III",0,Medium,0,84,111
1200,"Minimum Absolute Difference",0,Easy,7,54,7
1179,"Reformat Department Table",0,Easy,1,25,19
1192,"Critical Connections in a Network",0,Hard,8,163,19
1191,"K-Concatenation Maximum Sum",0,Medium,8,137,16
1190,"Reverse Substrings Between Each Pair of Parentheses",0,Medium,17,124,7
1189,"Maximum Number of Balloons",0,Easy,4,69,15
1174,"Immediate Food Delivery II",1,Medium,0,4,7
1173,"Immediate Food Delivery I",1,Easy,,14,0
1187,"Make Array Strictly Increasing",0,Hard,39,156,4
1185,"Day of the Week",0,Easy,0,21,323
1186,"Maximum Subarray Sum with One Deletion",0,Medium,22,204,9
1184,"Distance Between Bus Stops",0,Easy,4,58,13
1178,"Number of Valid Words for Each Puzzle",0,Hard,14,113,8
1177,"Can Make Palindrome from Substring",0,Medium,1,93,87
1176,"Diet Plan Performance",1,Easy,0,17,127
1175,"Prime Arrangements",0,Easy,0,42,96
1164,"Product Price at a Given Date",1,Medium,12,24,2
1170,"Compare Strings by Frequency of the Smallest Character",0,Easy,0,59,143
1169,"Invalid Transactions",0,Medium,0,26,309
1172,"Dinner Plate Stacks",0,Hard,9,74,8
1159,"Market Analysis II",1,Hard,2,8,3
1158,"Market Analysis I",1,Medium,1,9,6
1171,"Remove Zero Sum Consecutive Nodes from Linked List",0,Medium,9,159,17
1155,"Number of Dice Rolls With Target Sum",0,Medium,12,181,14
1157,"Online Majority Element In Subarray",0,Hard,6,100,15
1156,"Swap For Longest Repeated Character Substring",0,Medium,19,139,7
1154,"Day of the Year",0,Easy,0,40,73
1149,"Article Views II",1,Medium,16,16,1
1148,"Article Views I",1,Easy,,6,0
1147,"Longest Chunked Palindrome Decomposition",0,Hard,11,90,8
1143,"Longest Common Subsequence",0,Medium,30,243,8
1146,"Snapshot Array",0,Medium,5,152,30
1145,"Binary Tree Coloring Game",0,Medium,4,144,34
1144,"Decrease Elements To Make Array Zigzag",0,Medium,0,47,68
1142,"User Activity for the Past 30 Days II",1,Easy,0,11,24
1141,"User Activity for the Past 30 Days I",1,Easy,2,9,4
1140,"Stone Game II",0,Medium,4,139,28
1139,"Largest 1-Bordered Square",0,Medium,3,79,23
1138,"Alphabet Board Path",0,Medium,1,68,44
1132,"Reported Posts II",1,Medium,0,16,25
1137,"N-th Tribonacci Number",0,Easy,4,79,17
1131,"Maximum of Absolute Value Expression",0,Medium,0,63,81
1129,"Shortest Path with Alternating Colors",0,Medium,23,142,6
1130,"Minimum Cost Tree From Leaf Values",0,Medium,10,264,25
1128,"Number of Equivalent Domino Pairs",0,Easy,1,83,47
1127,"User Purchase Platform",1,Hard,2,23,10
1126,"Active Businesses",1,Medium,,31,0
1125,"Smallest Sufficient Team",0,Hard,28,173,6
1124,"Longest Well-Performing Interval",0,Medium,5,217,43
1123,"Lowest Common Ancestor of Deepest Leaves",0,Medium,0,105,149
1122,"Relative Sort Array",0,Easy,13,243,18
1116,"Print Zero Even Odd",0,Medium,1,80,41
1113,"Reported Posts",1,Easy,0,12,31
1112,"Highest Grade For Each Student",1,Medium,,20,0
1188,"Design Bounded Blocking Queue",1,Medium,11,23,2
1111,"Maximum Nesting Depth of Two Valid Parentheses Strings",0,Medium,0,59,264
1110,"Delete Nodes And Return Forest",0,Medium,39,397,10
1109,"Corporate Flight Bookings",0,Medium,5,222,38
1108,"Defanging an IP Address",0,Easy,0,122,367
1107,"New Users Daily Count",1,Medium,3,18,6
1114,"Print in Order",0,Easy,6,228,34
1098,"Unpopular Books",1,Medium,0,17,24
1106,"Parsing A Boolean Expression",0,Hard,17,137,8
1105,"Filling Bookcase Shelves",0,Medium,23,262,11
1103,"Distribute Candies to People",0,Easy,3,107,31
1104,"Path In Zigzag Labelled Binary Tree",0,Medium,1,127,94
1097,"Game Play Analysis V",1,Hard,2,13,6
1096,"Brace Expansion II",0,Hard,1,101,75
1115,"Print FooBar Alternately",0,Medium,21,127,6
1117,"Building H2O",0,Medium,3,85,23
1095,"Find in Mountain Array",0,Hard,7,117,15
1094,"Car Pooling",0,Medium,22,226,10
1093,"Statistics from a Large Sample",0,Medium,0,31,162
550,"Game Play Analysis IV",1,Medium,5,25,5
534,"Game Play Analysis III",1,Medium,,34,0
512,"Game Play Analysis II",1,Easy,,22,0
511,"Game Play Analysis I",1,Easy,10,10,1
1216,"Valid Palindrome III",1,Hard,21,43,2
1084,"Sales Analysis III",1,Easy,5,21,4
1083,"Sales Analysis II",1,Easy,4,19,4
1082,"Sales Analysis I",1,Easy,2,22,9
1091,"Shortest Path in Binary Matrix",0,Medium,5,132,23
1092,"Shortest Common Supersequence ",0,Hard,31,189,6
1090,"Largest Values From Labels",0,Medium,0,46,154
1089,"Duplicate Zeros",0,Easy,1,169,116
1199,"Minimum Time to Build Blocks",1,Hard,7,44,6
1077,"Project Employees III",1,Medium,,27,0
1076,"Project Employees II",1,Easy,4,19,4
1075,"Project Employees I",1,Easy,1,9,5
1079,"Letter Tile Possibilities",0,Medium,22,287,13
1081,"Smallest Subsequence of Distinct Characters",0,Medium,5,182,36
1080,"Insufficient Nodes in Root to Leaf Paths",0,Medium,0,84,248
1078,"Occurrences After Bigram",0,Easy,0,59,90
1070,"Product Sales Analysis III",1,Medium,0,11,31
1069,"Product Sales Analysis II",1,Easy,0,9,12
1068,"Product Sales Analysis I",1,Easy,3,15,5
1183,"Maximum Number of Ones",1,Hard,7,39,5
1215,"Stepping Numbers",1,Medium,45,45,1
1214,"Two Sum BSTs",1,Medium,10,31,3
1213,"Intersection of Three Sorted Arrays",1,Easy,14,28,2
1073,"Adding Two Negabinary Numbers",0,Medium,1,63,34
1072,"Flip Columns For Maximum Number of Equal Rows",0,Medium,8,132,15
1071,"Greatest Common Divisor of Strings",0,Easy,2,166,58
1074,"Number of Submatrices That Sum to Target",0,Hard,20,165,8
1168,"Optimize Water Distribution in a Village",1,Hard,35,105,3
1198,"Find Smallest Common Element in All Rows",1,Medium,8,33,4
1197,"Minimum Knight Moves",1,Medium,3,53,14
1196,"How Many Apples Can You Put into the Basket",1,Easy,2,15,6
1054,"Distant Barcodes",0,Medium,14,164,11
1053,"Previous Permutation With One Swap",0,Medium,0,62,159
1052,"Grumpy Bookstore Owner",0,Medium,9,148,16
1051,"Height Checker",0,Easy,0,85,684
1050,"Actors and Directors Who Cooperated At Least Three Times",1,Easy,2,17,8
1045,"Customers Who Bought All Products",1,Medium,14,29,2
1182,"Shortest Distance to Target Color",1,Medium,50,50,1
1163,"Last Substring in Lexicographical Order",0,Hard,0,60,150
1181,"Before and After Puzzle",1,Medium,0,14,37
1180,"Count Substrings with Only One Distinct Letter",1,Easy,3,39,10
1049,"Last Stone Weight II",0,Medium,19,236,12
1048,"Longest String Chain",0,Medium,15,234,15
1047,"Remove All Adjacent Duplicates In String",0,Easy,10,285,28
1046,"Last Stone Weight",0,Easy,16,215,13
1167,"Minimum Cost to Connect Sticks",1,Medium,3,57,15
1166,"Design File System",1,Medium,15,30,2
1153,"String Transforms Into Another String",1,Hard,6,66,10
1165,"Single-Row Keyboard",1,Easy,20,62,3
1044,"Longest Duplicate Substring",0,Hard,1,108,84
1043,"Partition Array for Maximum Sum",0,Medium,8,302,35
1042,"Flower Planting With No Adjacent",0,Easy,0,130,161
1041,"Robot Bounded In Circle",0,Medium,1,131,86
1121,"Divide Array Into Increasing Sequences",1,Hard,3,33,11
1162,"As Far from Land as Possible",0,Medium,17,138,8
1161,"Maximum Level Sum of a Binary Tree",0,Medium,13,107,8
1037,"Valid Boomerang",0,Easy,0,53,159
1038,"Binary Search Tree to Greater Sum Tree",0,Medium,7,342,47
1040,"Moving Stones Until Consecutive II",0,Medium,0,84,119
1160,"Find Words That Can Be Formed by Characters",0,Easy,3,103,29
1039,"Minimum Score Triangulation of Polygon",0,Medium,8,208,25
1152,"Analyze User Website Visit Pattern",1,Medium,0,11,88
1151,"Minimum Swaps to Group All 1 s Together",1,Medium,,61,0
1036,"Escape a Large Maze",0,Hard,1,124,81
1035,"Uncrossed Lines",0,Medium,36,254,7
1034,"Coloring A Border",0,Medium,0,61,150
1033,"Moving Stones Until Consecutive",0,Easy,0,31,298
1150,"Check If a Number Is Majority Element in a Sorted Array",1,Easy,4,35,8
1136,"Parallel Courses",1,Hard,13,39,3
1135,"Connecting Cities With Minimum Cost",1,Medium,19,95,5
1102,"Path With Maximum Minimum Value",1,Medium,8,92,11
1133,"Largest Unique Number",1,Easy,27,27,1
1032,"Stream of Characters",0,Hard,3,146,38
1031,"Maximum Sum of Two Non-Overlapping Subarrays",0,Medium,16,260,16
1029,"Two City Scheduling",0,Easy,8,375,42
1030,"Matrix Cells in Distance Order",0,Easy,1,108,62
1028,"Recover a Tree From Preorder Traversal",0,Hard,27,247,9
1026,"Maximum Difference Between Node and Ancestor",0,Medium,17,226,13
1120,"Maximum Average Subtree",1,Medium,20,62,3
1134,"Armstrong Number",1,Easy,4,17,4
1119,"Remove Vowels from a String",1,Easy,0,29,46
1118,"Number of Days in a Month",1,Easy,0,8,53
1027,"Longest Arithmetic Sequence",0,Medium,16,312,19
1025,"Divisor Game",0,Easy,0,166,480
1101,"The Earliest Moment When Everyone Become Friends",1,Medium,13,41,3
1100,"Find K-Length Substrings With No Repeated Characters",1,Medium,12,48,4
1099,"Two Sum Less Than K",1,Easy,9,98,10
1085,"Sum of Digits in the Minimum Number",1,Easy,0,11,44
1024,"Video Stitching",0,Medium,13,233,17
1023,"Camelcase Matching",0,Medium,1,100,90
1022,"Sum of Root To Leaf Binary Numbers",0,Easy,3,186,61
1021,"Remove Outermost Parentheses",0,Easy,0,233,349
1088,"Confusing Number II",1,Hard,3,25,8
1087,"Brace Expansion",1,Medium,11,107,9
1065,"Index Pairs of a String",1,Easy,1,35,30
1086,"High Five",1,Easy,3,68,20
1020,"Number of Enclaves",0,Medium,8,129,16
1019,"Next Greater Node In Linked List",0,Medium,14,340,23
1018,"Binary Prefix Divisible By 5",0,Easy,1,115,65
1017,"Convert to Base -2",0,Medium,0,98,115
1056,"Confusing Number",1,Easy,1,23,23
1067,"Digit Count in Range",1,Hard,6,18,3
1066,"Campus Bikes II",1,Medium,17,209,12
1064,"Fixed Point",1,Easy,2,78,27
1016,"Binary String With Substrings Representing 1 To N",0,Medium,0,58,215
1015,"Smallest Integer Divisible by K",0,Medium,0,63,190
1014,"Best Sightseeing Pair",0,Medium,17,276,16
1013,"Partition Array Into Three Parts With Equal Sum",0,Easy,5,195,34
1063,"Number of Valid Subarrays",1,Hard,8,41,5
1062,"Longest Repeating Substring",1,Medium,16,64,4
1060,"Missing Element in Sorted Array",1,Medium,26,80,3
1061,"Lexicographically Smallest Equivalent String",1,Medium,32,32,1
1012,"Numbers With Repeated Digits",0,Hard,3,105,34
1011,"Capacity To Ship Packages Within D Days",0,Medium,31,473,15
1010,"Pairs of Songs With Total Durations Divisible by 60",0,Easy,11,266,24
1009,"Complement of Base 10 Integer",0,Easy,5,92,17
1058,"Minimize Rounding Error to Meet Target",1,Medium,0,28,36
1057,"Campus Bikes",1,Medium,5,199,34
1055,"Shortest Way to Form String",1,Medium,19,138,7
1008,"Construct Binary Search Tree from Preorder Traversal",0,Medium,26,377,14
1007,"Minimum Domino Rotations For Equal Row",0,Medium,2,207,92
1006,"Clumsy Factorial",0,Medium,0,55,105
1005,"Maximize Sum Of Array After K Negations",0,Easy,6,159,25
1004,"Max Consecutive Ones III",0,Medium,54,380,7
1003,"Check If Word Is Valid After Substitutions",0,Medium,0,109,180
1002,"Find Common Characters",0,Easy,7,445,56
1001,"Grid Illumination",0,Hard,2,114,47
1000,"Minimum Cost to Merge Stones",0,Hard,12,303,25
999,"Available Captures for Rook",0,Easy,0,118,272
998,"Maximum Binary Tree II",0,Medium,0,102,248
997,"Find the Town Judge",0,Easy,6,253,37
996,"Number of Squareful Arrays",0,Hard,13,187,14
995,"Minimum Number of K Consecutive Bit Flips",0,Hard,7,167,21
994,"Rotting Oranges",0,Easy,12,429,34
993,"Cousins in Binary Tree",0,Easy,15,296,19
992,"Subarrays with K Different Integers",0,Hard,51,462,9
991,"Broken Calculator",0,Medium,3,199,54
990,"Satisfiability of Equality Equations",0,Medium,85,257,3
989,"Add to Array-Form of Integer",0,Easy,5,181,35
988,"Smallest String Starting From Leaf",0,Medium,4,195,40
987,"Vertical Order Traversal of a Binary Tree",0,Medium,0,204,481
986,"Interval List Intersections",0,Medium,24,490,20
985,"Sum of Even Numbers After Queries",0,Easy,2,206,93
984,"String Without AAA or BBB",0,Medium,0,119,193
983,"Minimum Cost For Tickets",0,Medium,42,687,16
982,"Triples with Bitwise AND Equal To Zero",0,Hard,0,68,94
981,"Time Based Key-Value Store",0,Medium,7,366,50
980,"Unique Paths III",0,Hard,6,273,40
979,"Distribute Coins in Binary Tree",0,Medium,31,786,25
978,"Longest Turbulent Subarray",0,Medium,2,146,56
977,"Squares of a Sorted Array",0,Easy,9,525,56
976,"Largest Perimeter Triangle",0,Easy,8,212,25
975,"Odd Even Jump",0,Hard,3,437,134
974,"Subarray Sums Divisible by K",0,Medium,10,439,40
973,"K Closest Points to Origin",0,Medium,10,756,71
509,"Fibonacci Number",0,Easy,1,293,163
972,"Equal Rational Numbers",0,Hard,0,34,106
971,"Flip Binary Tree To Match Preorder Traversal",0,Medium,2,150,73
970,"Powerful Integers",0,Easy,0,84,186
969,"Pancake Sorting",0,Medium,0,195,238
968,"Binary Tree Cameras",0,Hard,34,381,11
967,"Numbers With Same Consecutive Differences",0,Medium,2,115,39
966,"Vowel Spellchecker",0,Medium,0,85,169
965,"Univalued Binary Tree",0,Easy,6,258,37
964,"Least Operators to Express Number",0,Hard,3,117,38
963,"Minimum Area Rectangle II",0,Medium,0,85,133
962,"Maximum Width Ramp",0,Medium,34,345,10
961,"N-Repeated Element in Size 2N Array",0,Easy,1,269,164
960,"Delete Columns to Make Sorted III",0,Hard,34,173,5
959,"Regions Cut By Slashes",0,Medium,4,399,86
958,"Check Completeness of a Binary Tree",0,Medium,48,384,8
957,"Prison Cells After N Days",0,Medium,0,201,368
956,"Tallest Billboard",0,Hard,19,216,11
955,"Delete Columns to Make Sorted II",0,Medium,4,153,34
954,"Array of Doubled Pairs",0,Medium,6,148,23
953,"Verifying an Alien Dictionary",0,Easy,2,303,111
952,"Largest Component Size by Common Factor",0,Hard,3,131,33
951,"Flip Equivalent Binary Trees",0,Medium,24,343,14
950,"Reveal Cards In Increasing Order",0,Medium,5,484,96
949,"Largest Time for Given Digits",0,Easy,0,91,246
948,"Bag of Tokens",0,Medium,1,115,103
947,"Most Stones Removed with Same Row or Column",0,Medium,3,593,179
946,"Validate Stack Sequences",0,Medium,38,350,9
945,"Minimum Increment to Make Array Unique",0,Medium,23,230,10
944,"Delete Columns to Make Sorted",0,Easy,0,75,1118
943,"Find the Shortest Superstring",0,Hard,3,213,57
942,"DI String Match",0,Easy,2,548,199
941,"Valid Mountain Array",0,Easy,4,204,51
940,"Distinct Subsequences II",0,Hard,21,231,11
939,"Minimum Area Rectangle",0,Medium,5,368,69
938,"Range Sum of BST",0,Easy,5,541,108
937,"Reorder Data in Log Files",0,Easy,0,279,816
936,"Stamping The Sequence",0,Hard,3,107,31
935,"Knight Dialer",0,Medium,2,320,114
934,"Shortest Bridge",0,Medium,13,377,29
933,"Number of Recent Calls",0,Easy,0,167,910
932,"Beautiful Array",0,Medium,0,221,311
931,"Minimum Falling Path Sum",0,Medium,9,344,38
930,"Binary Subarrays With Sum",0,Medium,19,276,14
929,"Unique Email Addresses",0,Easy,3,581,158
928,"Minimize Malware Spread II",0,Hard,3,114,34
927,"Three Equal Parts",0,Hard,2,115,41
926,"Flip String to Monotone Increasing",0,Medium,29,379,13
925,"Long Pressed Name",0,Easy,7,298,40
924,"Minimize Malware Spread",0,Hard,1,193,152
923,"3Sum With Multiplicity",0,Medium,5,235,46
922,"Sort Array By Parity II",0,Easy,10,362,36
921,"Minimum Add to Make Parentheses Valid",0,Medium,12,370,29
920,"Number of Music Playlists",0,Hard,8,253,31
919,"Complete Binary Tree Inserter",0,Medium,4,185,40
918,"Maximum Sum Circular Subarray",0,Medium,18,410,22
917,"Reverse Only Letters",0,Easy,10,313,30
916,"Word Subsets",0,Medium,3,208,53
915,"Partition Array into Disjoint Intervals",0,Medium,14,243,17
914,"X of a Kind in a Deck of Cards",0,Easy,3,282,75
913,"Cat and Mouse",0,Hard,4,216,49
912,"Sort an Array",0,Medium,1,163,137
911,"Online Election",0,Medium,1,225,165
910,"Smallest Range II",0,Medium,1,214,132
909,"Snakes and Ladders",0,Medium,0,186,497
908,"Smallest Range I",0,Easy,0,140,778
907,"Sum of Subarray Minimums",0,Medium,14,674,47
906,"Super Palindromes",0,Hard,0,55,137
905,"Sort Array By Parity",0,Easy,9,581,62
904,"Fruit Into Baskets",0,Medium,0,548,846
903,"Valid Permutations for DI Sequence",0,Hard,8,201,25
902,"Numbers At Most N Given Digit Set",0,Hard,4,115,27
901,"Online Stock Span",0,Medium,4,279,58
900,"RLE Iterator",0,Medium,2,151,62
899,"Orderly Queue",0,Hard,0,126,153
898,"Bitwise ORs of Subarrays",0,Medium,4,299,63
897,"Increasing Order Search Tree",0,Easy,0,362,365
896,"Monotonic Array",0,Easy,12,363,28
895,"Maximum Frequency Stack",0,Hard,54,600,11
894,"All Possible Full Binary Trees",0,Medium,10,530,49
893,"Groups of Special-Equivalent Strings",0,Easy,0,172,852
892,"Surface Area of 3D Shapes",0,Easy,0,176,224
891,"Sum of Subsequence Widths",0,Hard,1,147,82
890,"Find and Replace Pattern",0,Medium,9,458,48
889,"Construct Binary Tree from Preorder and Postorder Traversal",0,Medium,16,487,30
888,"Fair Candy Swap",0,Easy,4,361,90
887,"Super Egg Drop",0,Hard,9,466,47
886,"Possible Bipartition",0,Medium,21,344,16
885,"Spiral Matrix III",0,Medium,0,128,192
884,"Uncommon Words from Two Sentences",0,Easy,3,271,68
883,"Projection Area of 3D Shapes",0,Easy,0,172,593
882,"Reachable Nodes In Subdivided Graph",0,Hard,1,109,104
881,"Boats to Save People",0,Medium,13,328,24
880,"Decoded String at Index",0,Medium,5,305,61
478,"Generate Random Point in a Circle",0,Medium,0,111,188
497,"Random Point in Non-overlapping Rectangles",0,Medium,0,128,145
519,"Random Flip Matrix",0,Medium,2,115,43
528,"Random Pick with Weight",0,Medium,0,365,674
879,"Profitable Schemes",0,Hard,8,170,21
878,"Nth Magical Number",0,Hard,3,131,43
877,"Stone Game",0,Medium,0,414,703
876,"Middle of the Linked List",0,Easy,14,649,45
875,"Koko Eating Bananas",0,Medium,10,380,36
874,"Walking Robot Simulation",0,Easy,0,93,548
873,"Length of Longest Fibonacci Subsequence",0,Medium,22,468,21
872,"Leaf-Similar Trees",0,Easy,17,464,27
470,"Implement Rand10() Using Rand7()",0,Medium,2,257,88
871,"Minimum Number of Refueling Stops",0,Hard,54,432,8
870,"Advantage Shuffle",0,Medium,14,308,21
869,"Reordered Power of 2",0,Medium,2,149,71
868,"Binary Gap",0,Easy,0,152,374
867,"Transpose Matrix",0,Easy,1,249,247
866,"Prime Palindrome",0,Medium,0,102,288
865,"Smallest Subtree with all the Deepest Nodes",0,Medium,3,461,137
864,"Shortest Path to Get All Keys",0,Hard,31,250,8
710,"Random Pick with Blacklist",0,Hard,4,203,47
863,"All Nodes Distance K in Binary Tree",0,Medium,51,1076,21
862,"Shortest Subarray with Sum at Least K",0,Hard,37,592,16
861,"Score After Flipping Matrix",0,Medium,3,312,84
860,"Lemonade Change",0,Easy,5,361,62
859,"Buddy Strings",0,Easy,1,364,217
858,"Mirror Reflection",0,Medium,0,145,240
857,"Minimum Cost to Hire K Workers",0,Hard,9,630,65
856,"Score of Parentheses",0,Medium,26,678,26
855,"Exam Room",0,Medium,2,388,173
854,"K-Similar Strings",0,Hard,9,225,24
853,"Car Fleet",0,Medium,1,304,161
852,"Peak Index in a Mountain Array",0,Easy,0,363,804
851,"Loud and Rich",0,Medium,0,196,223
850,"Rectangle Area II",0,Hard,9,220,24
849,"Maximize Distance to Closest Person",0,Easy,6,511,83
848,"Shifting Letters",0,Medium,4,185,38
847,"Shortest Path Visiting All Nodes",0,Hard,8,367,41
846,"Hand of Straights",0,Medium,6,335,50
845,"Longest Mountain in Array",0,Medium,25,387,15
844,"Backspace String Compare",0,Easy,16,824,51
843,"Guess the Word",0,Hard,0,340,368
842,"Split Array into Fibonacci Sequence",0,Medium,2,307,107
841,"Keys and Rooms",0,Medium,12,591,49
840,"Magic Squares In Grid",0,Easy,0,89,780
839,"Similar String Groups",0,Hard,3,202,66
838,"Push Dominoes",0,Medium,8,352,44
837,"New 21 Game",0,Medium,1,389,203
836,"Rectangle Overlap",0,Easy,5,419,82
489,"Robot Room Cleaner",1,Hard,17,658,37
835,"Image Overlap",0,Medium,0,220,304
834,"Sum of Distances in Tree",0,Hard,20,540,27
833,"Find And Replace in String",0,Medium,0,204,273
832,"Flipping an Image",0,Easy,4,616,130
622,"Design Circular Queue",0,Medium,5,318,59
641,"Design Circular Deque",0,Medium,4,134,30
831,"Masking Personal Information",0,Medium,0,54,234
830,"Positions of Large Groups",0,Easy,3,242,66
829,"Consecutive Numbers Sum",0,Hard,0,203,299
828,"Unique Letter String",0,Hard,8,260,30
827,"Making A Large Island",0,Hard,30,304,10
826,"Most Profit Assigning Work",0,Medium,5,252,44
825,"Friends Of Appropriate Ages",0,Medium,0,206,444
824,"Goat Latin",0,Easy,0,183,462
708,"Insert into a Cyclic Sorted List",1,Medium,0,172,208
823,"Binary Trees With Factors",0,Medium,7,221,29
822,"Card Flipping Game",0,Medium,0,56,372
821,"Shortest Distance to a Character",0,Easy,11,708,61
820,"Short Encoding of Words",0,Medium,3,178,47
707,"Design Linked List",0,Easy,0,368,541
819,"Most Common Word",0,Easy,0,380,948
818,"Race Car",0,Hard,8,340,40
817,"Linked List Components",0,Medium,0,255,649
816,"Ambiguous Coordinates",0,Medium,0,87,178
815,"Bus Routes",0,Hard,26,508,19
814,"Binary Tree Pruning",0,Medium,29,673,23
813,"Largest Sum of Averages",0,Medium,26,632,24
812,"Largest Triangle Area",0,Easy,0,125,793
811,"Subdomain Visit Count",0,Easy,0,317,482
810,"Chalkboard XOR Game",0,Hard,0,47,158
809,"Expressive Words",0,Medium,0,134,426
808,"Soup Servings",0,Medium,0,111,389
807,"Max Increase to Keep City Skyline",0,Medium,3,627,167
806,"Number of Lines To Write String",0,Easy,0,177,709
805,"Split Array With Same Average",0,Hard,4,265,56
804,"Unique Morse Code Words",0,Easy,1,499,452
803,"Bricks Falling When Hit",0,Hard,3,338,101
802,"Find Eventual Safe States",0,Medium,6,446,67
801,"Minimum Swaps To Make Sequences Increasing",0,Medium,16,595,36
800,"Similar RGB Color",1,Easy,0,47,298
706,"Design HashMap",0,Easy,6,442,71
705,"Design HashSet",0,Easy,3,180,50
799,"Champagne Tower",0,Medium,15,323,21
798,"Smallest Rotation with Highest Score",0,Hard,13,182,14
797,"All Paths From Source to Target",0,Medium,11,487,41
796,"Rotate String",0,Easy,11,466,40
795,"Number of Subarrays with Bounded Maximum",0,Medium,10,392,37
794,"Valid Tic-Tac-Toe State",0,Medium,0,129,401
793,"Preimage Size of Factorial Zeroes Function",0,Hard,2,119,47
792,"Number of Matching Subsequences",0,Medium,13,572,44
791,"Custom Sort String",0,Medium,3,476,146
790,"Domino and Tromino Tiling",0,Medium,1,279,144
789,"Escape The Ghosts",0,Medium,0,141,281
788,"Rotated Digits",0,Easy,0,240,809
787,"Cheapest Flights Within K Stops",0,Medium,26,974,37
786,"K-th Smallest Prime Fraction",0,Hard,18,258,14
785,"Is Graph Bipartite?",0,Medium,7,822,104
784,"Letter Case Permutation",0,Easy,8,785,92
783,"Minimum Distance Between BST Nodes",0,Easy,3,428,122
782,"Transform to Chessboard",0,Hard,0,94,100
781,"Rabbits in Forest",0,Medium,0,183,235
780,"Reaching Points",0,Hard,4,296,63
779,"K-th Symbol in Grammar",0,Medium,2,271,94
778,"Swim in Rising Water",0,Hard,11,374,33
777,"Swap Adjacent in LR String",0,Medium,1,252,234
704,"Binary Search",0,Easy,10,346,34
776,"Split BST",1,Medium,16,443,27
775,"Global and Local Inversions",0,Medium,1,236,127
703,"Kth Largest Element in a Stream",0,Easy,2,395,197
774,"Minimize Max Distance to Gas Station",1,Hard,7,260,37
773,"Sliding Puzzle",0,Hard,26,404,15
702,"Search in a Sorted Array of Unknown Size",1,Medium,10,185,17
772,"Basic Calculator III",1,Hard,3,289,96
701,"Insert into a Binary Search Tree",0,Medium,8,464,53
700,"Search in a Binary Search Tree",0,Easy,4,406,99
771,"Jewels and Stones",0,Easy,5,1619,302
770,"Basic Calculator IV",0,Hard,0,44,401
769,"Max Chunks To Make Sorted",0,Medium,6,542,90
768,"Max Chunks To Make Sorted II",0,Hard,24,296,12
767,"Reorganize String",0,Medium,19,720,37
766,"Toeplitz Matrix",0,Easy,10,705,68
590,"N-ary Tree Postorder Traversal",0,Easy,8,378,46
589,"N-ary Tree Preorder Traversal",0,Easy,7,305,43
559,"Maximum Depth of N-ary Tree",0,Easy,17,468,27
558,"Quad Tree Intersection",0,Easy,0,58,263
427,"Construct Quad Tree",0,Medium,0,175,352
431,"Encode N-ary Tree to Binary Tree",1,Hard,17,103,6
765,"Couples Holding Hands",0,Hard,8,430,51
764,"Largest Plus Sign",0,Medium,4,309,69
763,"Partition Labels",0,Medium,19,1300,68
762,"Prime Number of Set Bits in Binary Representation",0,Easy,0,175,264
430,"Flatten a Multilevel Doubly Linked List",0,Medium,5,507,86
428,"Serialize and Deserialize N-ary Tree",1,Hard,22,251,11
429,"N-ary Tree Level Order Traversal",0,Easy,9,343,36
761,"Special Binary String",0,Hard,2,200,75
760,"Find Anagram Mappings",1,Easy,2,295,147
759,"Employee Free Time",1,Hard,14,274,19
758,"Bold Words in String",1,Easy,1,104,63
757,"Set Intersection Size At Least Two",0,Hard,11,188,16
426,"Convert Binary Search Tree to Sorted Doubly Linked List",1,Medium,8,544,64
756,"Pyramid Transition Matrix",0,Medium,0,210,288
755,"Pour Water",1,Medium,0,148,282
754,"Reach a Number",0,Easy,1,340,285
753,"Cracking the Safe",0,Hard,0,328,377
752,"Open the Lock",0,Medium,18,493,26
751,"IP to CIDR",1,Easy,0,80,623
750,"Number Of Corner Rectangles",1,Medium,7,347,46
749,"Contain Virus",0,Hard,0,51,178
748,"Shortest Completing Word",0,Easy,0,138,496
747,"Largest Number At Least Twice of Others",0,Easy,0,227,454
746,"Min Cost Climbing Stairs",0,Easy,4,1275,295
745,"Prefix and Suffix Search",0,Hard,1,239,167
744,"Find Smallest Letter Greater Than Target",0,Easy,0,266,397
743,"Network Delay Time",0,Medium,4,807,180
742,"Closest Leaf in a Binary Tree",1,Medium,3,303,77
709,"To Lower Case",0,Easy,0,340,1175
741,"Cherry Pickup",0,Hard,12,548,43
740,"Delete and Earn",0,Medium,11,681,58
739,"Daily Temperatures",0,Medium,34,1660,48
738,"Monotone Increasing Digits",0,Medium,6,297,47
737,"Sentence Similarity II",1,Medium,17,350,20
736,"Parse Lisp Expression",0,Hard,1,186,156
735,"Asteroid Collision",0,Medium,7,559,70
734,"Sentence Similarity",1,Easy,0,145,243
733,"Flood Fill",0,Easy,4,582,127
732,"My Calendar III",0,Hard,2,262,91
731,"My Calendar II",0,Medium,6,431,67
730,"Count Different Palindromic Subsequences",0,Hard,9,350,37
729,"My Calendar I",0,Medium,14,430,29
728,"Self Dividing Numbers",0,Easy,1,478,258
727,"Minimum Window Subsequence",1,Hard,22,367,16
726,"Number of Atoms",0,Hard,2,255,91
725,"Split Linked List in Parts",0,Medium,4,419,86
724,"Find Pivot Index",0,Easy,4,741,174
723,"Candy Crush",1,Medium,2,228,96
722,"Remove Comments",0,Medium,0,196,625
721,"Accounts Merge",0,Medium,3,803,215
720,"Longest Word in Dictionary",0,Easy,0,409,518
719,"Find K-th Smallest Pair Distance",0,Hard,30,634,21
718,"Maximum Length of Repeated Subarray",0,Medium,23,789,33
717,"1-bit and 2-bit Characters",0,Easy,0,289,749
716,"Max Stack",1,Easy,5,454,82
715,"Range Module",0,Hard,13,329,25
714,"Best Time to Buy and Sell Stock with Transaction Fee",0,Medium,32,1064,33
713,"Subarray Product Less Than K",0,Medium,19,789,40
712,"Minimum ASCII Delete Sum for Two Strings",0,Medium,16,645,39
711,"Number of Distinct Islands II",1,Hard,0,108,122
699,"Falling Squares",0,Hard,5,186,37
698,"Partition to K Equal Sum Subsets",0,Medium,17,1058,61
697,"Degree of an Array",0,Easy,1,595,531
696,"Count Binary Substrings",0,Easy,5,710,127
695,"Max Area of Island",0,Medium,19,1295,65
694,"Number of Distinct Islands",1,Medium,15,476,30
693,"Binary Number with Alternating Bits",0,Easy,4,329,73
692,"Top K Frequent Words",0,Medium,10,956,92
691,"Stickers to Spell Word",0,Hard,11,289,26
690,"Employee Importance",0,Easy,0,449,481
689,"Maximum Sum of 3 Non-Overlapping Subarrays",0,Hard,18,653,35
688,"Knight Probability in Chessboard",0,Medium,4,482,103
687,"Longest Univalue Path",0,Easy,3,1149,297
686,"Repeated String Match",0,Easy,0,568,572
685,"Redundant Connection II",0,Hard,3,537,169
684,"Redundant Connection",0,Medium,4,828,202
683,"K Empty Slots",1,Hard,0,500,523
682,"Baseball Game",0,Easy,0,347,856
681,"Next Closest Time",1,Medium,0,384,604
680,"Valid Palindrome II",0,Easy,14,931,66
679,"24 Game",0,Hard,4,460,97
678,"Valid Parenthesis String",0,Medium,28,773,27
677,"Map Sum Pairs",0,Medium,5,344,64
676,"Implement Magic Dictionary",0,Medium,3,416,106
675,"Cut Off Trees for Golf Event",0,Hard,1,351,202
674,"Longest Continuous Increasing Subsequence",0,Easy,5,508,101
673,"Number of Longest Increasing Subsequence",0,Medium,14,934,64
672,"Bulb Switcher II",0,Medium,0,106,750
671,"Second Minimum Node In a Binary Tree",0,Easy,0,437,657
670,"Maximum Swap",0,Medium,13,657,48
669,"Trim a Binary Search Tree",0,Easy,9,1294,140
668,"Kth Smallest Number in Multiplication Table",0,Hard,20,389,19
667,"Beautiful Arrangement II",0,Medium,0,255,548
666,"Path Sum IV",1,Medium,0,147,174
665,"Non-decreasing Array",0,Easy,4,1258,291
664,"Strange Printer",0,Hard,7,300,38
663,"Equal Tree Partition",1,Medium,13,246,18
662,"Maximum Width of Binary Tree",0,Medium,4,767,157
661,"Image Smoother",0,Easy,0,195,884
660,"Remove 9",1,Hard,0,85,124
659,"Split Array into Consecutive Subsequences",0,Medium,2,638,253
658,"Find K Closest Elements",0,Medium,4,822,168
657,"Robot Return to Origin",0,Easy,1,766,587
656,"Coin Path",1,Hard,1,129,74
655,"Print Binary Tree",0,Medium,0,254,622
654,"Maximum Binary Tree",0,Medium,7,1281,168
653,"Two Sum IV - Input is a BST",0,Easy,8,1016,117
652,"Find Duplicate Subtrees",0,Medium,5,889,171
651,"4 Keys Keyboard",1,Medium,6,292,46
650,"2 Keys Keyboard",0,Medium,14,767,52
649,"Dota2 Senate",0,Medium,1,224,170
648,"Replace Words",0,Medium,4,502,115
647,"Palindromic Substrings",0,Medium,19,1683,86
646,"Maximum Length of Pair Chain",0,Medium,11,637,56
645,"Set Mismatch",0,Easy,1,472,258
644,"Maximum Average Subarray II",1,Hard,9,313,34
643,"Maximum Average Subarray I",0,Easy,5,517,89
642,"Design Search Autocomplete System",1,Hard,11,611,52
640,"Solve the Equation",0,Medium,0,182,428
639,"Decode Ways II",0,Hard,0,304,409
638,"Shopping Offers",0,Medium,1,408,366
637,"Average of Levels in Binary Tree",0,Easy,6,900,130
636,"Exclusive Time of Functions",0,Medium,0,518,842
635,"Design Log Storage System",1,Medium,2,200,92
634,"Find the Derangement of An Array",1,Medium,0,92,101
633,"Sum of Square Numbers",0,Easy,1,381,256
632,"Smallest Range Covering Elements from K Lists",0,Hard,35,781,22
631,"Design Excel Sum Formula",1,Hard,0,68,73
630,"Course Schedule III",0,Hard,19,488,25
629,"K Inverse Pairs Array",0,Hard,3,237,73
628,"Maximum Product of Three Numbers",0,Easy,2,794,292
627,"Swap Salary",0,Easy,1,348,249
626,"Exchange Seats",0,Medium,1,208,189
625,"Minimum Factorization",1,Medium,1,76,60
624,"Maximum Distance in Arrays",1,Easy,6,279,43
623,"Add One Row to Tree",0,Medium,2,323,111
621,"Task Scheduler",0,Medium,5,2017,368
620,"Not Boring Movies",0,Easy,0,197,230
619,"Biggest Single Number",1,Easy,0,39,42
618,"Students Report By Geography",1,Hard,0,24,59
617,"Merge Two Binary Trees",0,Easy,14,2107,143
616,"Add Bold Tag in String",1,Medium,9,366,38
615,"Average Salary: Departments VS Company",1,Hard,2,44,15
614,"Second Degree Follower",1,Medium,0,33,342
613,"Shortest Distance in a Line",1,Easy,7,107,15
612,"Shortest Distance in a Plane",1,Medium,4,70,16
611,"Valid Triangle Number",0,Medium,8,722,81
610,"Triangle Judgement",1,Easy,5,65,13
609,"Find Duplicate File in System",0,Medium,0,282,437
608,"Tree Node",1,Medium,15,126,8
607,"Sales Person",1,Easy,4,76,18
606,"Construct String from Binary Tree",0,Easy,0,593,817
605,"Can Place Flowers",0,Easy,1,560,290
604,"Design Compressed String Iterator",1,Easy,2,191,77
603,"Consecutive Available Seats",1,Easy,17,124,7
602,"Friend Requests II: Who Has the Most Friends",1,Medium,2,100,41
601,"Human Traffic of Stadium",0,Hard,0,111,222
600,"Non-negative Integers without Consecutive Ones",0,Hard,4,262,65
599,"Minimum Index Sum of Two Lists",0,Easy,2,415,159
598,"Range Addition II",0,Easy,0,213,494
597,"Friend Requests I: Overall Acceptance Rate",1,Easy,0,99,154
596,"Classes More Than 5 Students",0,Easy,0,169,492
595,"Big Countries",0,Easy,0,398,568
594,"Longest Harmonious Subsequence",0,Easy,7,469,65
593,"Valid Square",0,Medium,0,154,307
592,"Fraction Addition and Subtraction",0,Medium,0,132,253
591,"Tag Validator",0,Hard,0,65,334
588,"Design In-Memory File System",1,Hard,7,170,23
587,"Erect the Fence",0,Hard,0,150,157
586,"Customer Placing the Largest Number of Orders",1,Easy,17,71,4
585,"Investments in 2016",1,Medium,1,66,48
584,"Find Customer Referee",1,Easy,2,52,25
583,"Delete Operation for Two Strings",0,Medium,37,792,21
582,"Kill Process",1,Medium,46,374,8
581,"Shortest Unsorted Continuous Subarray",0,Easy,21,1734,79
580,"Count Student Number in Departments",1,Medium,13,68,5
579,"Find Cumulative Salary of an Employee",1,Hard,0,55,69
578,"Get Highest Answer Rate Question",1,Medium,0,23,267
577,"Employee Bonus",1,Easy,1,48,25
576,"Out of Boundary Paths",0,Medium,2,344,116
575,"Distribute Candies",0,Easy,0,331,736
574,"Winning Candidate",1,Medium,0,28,208
573,"Squirrel Simulation",1,Medium,6,111,17
572,"Subtree of Another Tree",0,Easy,26,1427,54
571,"Find Median Given Frequency of Numbers",1,Hard,2,54,20
570,"Managers with at Least 5 Direct Reports",1,Medium,15,75,5
569,"Median Employee Salary",1,Hard,1,49,27
568,"Maximum Vacation Days",1,Hard,7,239,33
567,"Permutation in String",0,Medium,19,798,42
566,"Reshape the Matrix",0,Easy,6,628,91
565,"Array Nesting",0,Medium,7,645,83
564,"Find the Closest Palindrome",0,Hard,0,178,671
563,"Binary Tree Tilt",0,Easy,0,364,851
562,"Longest Line of Consecutive One in Matrix",1,Medium,3,223,60
561,"Array Partition I",0,Easy,0,626,1943
560,"Subarray Sum Equals K",0,Medium,36,2559,71
557,"Reverse Words in a String III",0,Easy,9,719,72
556,"Next Greater Element III",0,Medium,3,414,133
555,"Split Concatenated Strings",1,Medium,0,40,166
554,"Brick Wall",0,Medium,19,627,32
553,"Optimal Division",0,Medium,0,135,1001
552,"Student Attendance Record II",0,Hard,5,341,66
551,"Student Attendance Record I",0,Easy,0,176,657
549,"Binary Tree Longest Consecutive Sequence II",1,Medium,16,440,26
548,"Split Array with Equal Sum",1,Medium,2,159,55
547,"Friend Circles",0,Medium,12,1258,101
546,"Remove Boxes",0,Hard,10,434,40
545,"Boundary of Binary Tree",1,Medium,0,299,544
544,"Output Contest Matches",1,Medium,3,223,69
543,"Diameter of Binary Tree",0,Easy,16,1730,108
542,"01 Matrix",0,Medium,9,859,87
541,"Reverse String II",0,Easy,0,284,892
540,"Single Element in a Sorted Array",0,Medium,13,888,66
539,"Minimum Time Difference",0,Medium,3,301,98
538,"Convert BST to Greater Tree",0,Easy,15,1482,93
537,"Complex Number Multiplication",0,Medium,0,182,616
536,"Construct Binary Tree from String",1,Medium,4,305,74
535,"Encode and Decode TinyURL",0,Medium,0,516,1133
533,"Lonely Pixel II",1,Medium,0,39,473
532,"K-diff Pairs in an Array",0,Easy,0,406,938
531,"Lonely Pixel I",1,Medium,5,152,27
530,"Minimum Absolute Difference in BST",0,Easy,13,611,46
529,Minesweeper,0,Medium,1,382,372
527,"Word Abbreviation",1,Hard,1,170,103
526,"Beautiful Arrangement",0,Medium,4,497,121
525,"Contiguous Array",0,Medium,19,834,42
524,"Longest Word in Dictionary through Deleting",0,Medium,1,387,195
523,"Continuous Subarray Sum",0,Medium,0,823,1131
522,"Longest Uncommon Subsequence II",0,Medium,0,123,511
521,"Longest Uncommon Subsequence I ",0,Easy,0,226,3622
520,"Detect Capital",0,Easy,1,346,222
518,"Coin Change 2",0,Medium,24,970,40
517,"Super Washing Machines",0,Hard,1,226,119
516,"Longest Palindromic Subsequence",0,Medium,8,1149,142
515,"Find Largest Value in Each Tree Row",0,Medium,11,573,48
514,"Freedom Trail",0,Hard,17,315,18
513,"Find Bottom Left Tree Value",0,Medium,5,643,110
1059,"All Paths from Source Lead to Destination",1,Medium,4,51,12
510,"Inorder Successor in BST II",1,Medium,6,111,18
508,"Most Frequent Subtree Sum",0,Medium,4,443,90
507,"Perfect Number",0,Easy,0,181,498
506,"Relative Ranks",0,Easy,0,204,423
505,"The Maze II",1,Medium,26,417,16
504,"Base 7",0,Easy,1,170,128
503,"Next Greater Element II",0,Medium,18,848,47
502,IPO,0,Hard,10,227,22
501,"Find Mode in Binary Search Tree",0,Easy,2,636,257
500,"Keyboard Row",0,Easy,0,434,547
499,"The Maze III",1,Hard,3,136,36
498,"Diagonal Traverse",0,Medium,1,429,257
496,"Next Greater Element I",0,Easy,0,949,1531
495,"Teemo Attacking",0,Medium,0,274,577
494,"Target Sum",0,Medium,21,1665,79
493,"Reverse Pairs",0,Hard,6,619,92
492,"Construct the Rectangle",0,Easy,0,148,225
491,"Increasing Subsequences",0,Medium,5,489,91
490,"The Maze",1,Medium,10,486,48
488,"Zuma Game",0,Hard,1,155,150
487,"Max Consecutive Ones II",1,Medium,68,412,6
486,"Predict the Winner",0,Medium,15,1124,73
485,"Max Consecutive Ones",0,Easy,1,416,330
484,"Find Permutation",1,Medium,5,223,42
483,"Smallest Good Base",0,Hard,0,102,272
482,"License Key Formatting",0,Easy,0,344,584
481,"Magical String",0,Medium,0,88,577
480,"Sliding Window Median",0,Hard,9,521,53
479,"Largest Palindrome Product",0,Hard,0,74,1253
477,"Total Hamming Distance",0,Medium,14,605,42
476,"Number Complement",0,Easy,7,594,76
475,Heaters,0,Easy,0,543,592
474,"Ones and Zeroes",0,Medium,4,658,156
473,"Matchsticks to Square",0,Medium,9,379,42
472,"Concatenated Words",0,Hard,4,343,73
471,"Encode String with Shortest Length",1,Hard,15,260,17
469,"Convex Polygon",1,Medium,0,60,165
468,"Validate IP Address",0,Medium,0,151,891
467,"Unique Substrings in Wraparound String",0,Medium,6,428,70
466,"Count The Repetitions",0,Hard,1,124,99
465,"Optimal Account Balancing",1,Hard,6,306,48
464,"Can I Win",0,Medium,5,707,127
463,"Island Perimeter",0,Easy,13,1248,91
462,"Minimum Moves to Equal Array Elements II",0,Medium,11,389,35
461,"Hamming Distance",0,Easy,10,1407,134
460,"LFU Cache",0,Hard,9,854,89
459,"Repeated Substring Pattern",0,Easy,8,918,106
458,"Poor Pigs",0,Hard,0,318,744
457,"Circular Array Loop",0,Medium,0,188,1033
456,"132 Pattern",0,Medium,16,755,46
455,"Assign Cookies",0,Easy,5,371,72
454,"4Sum II",0,Medium,13,806,62
453,"Minimum Moves to Equal Array Elements",0,Easy,0,417,642
452,"Minimum Number of Arrows to Burst Balloons",0,Medium,21,591,27
451,"Sort Characters By Frequency",0,Medium,10,857,79
450,"Delete Node in a BST",0,Medium,17,1114,65
449,"Serialize and Deserialize BST",0,Medium,14,822,55
448,"Find All Numbers Disappeared in an Array",0,Easy,10,1901,177
447,"Number of Boomerangs",0,Easy,0,321,512
446,"Arithmetic Slices II - Subsequence",0,Hard,6,312,45
445,"Add Two Numbers II",0,Medium,7,888,115
444,"Sequence Reconstruction",1,Medium,0,181,612
443,"String Compression",0,Easy,0,464,1469
442,"Find All Duplicates in an Array",0,Medium,10,1340,123
441,"Arranging Coins",0,Easy,0,227,508
440,"K-th Smallest in Lexicographical Order",0,Hard,5,227,39
439,"Ternary Expression Parser",1,Medium,7,201,28
438,"Find All Anagrams in a String",0,Medium,12,1876,145
437,"Path Sum III",0,Easy,17,2260,132
436,"Find Right Interval",0,Medium,2,248,104
435,"Non-overlapping Intervals",0,Medium,23,611,26
434,"Number of Segments in a String",0,Easy,0,159,609
433,"Minimum Genetic Mutation",0,Medium,8,304,37
432,"All O`one Data Structure",0,Hard,7,419,59
425,"Word Squares",1,Hard,11,400,36
424,"Longest Repeating Character Replacement",0,Medium,13,708,54
423,"Reconstruct Original Digits from English",0,Medium,0,133,477
422,"Valid Word Square",1,Easy,1,130,89
421,"Maximum XOR of Two Numbers in an Array",0,Medium,5,804,156
420,"Strong Password Checker",0,Hard,0,106,420
419,"Battleships in a Board",0,Medium,1,486,367
418,"Sentence Screen Fitting",1,Medium,1,363,187
417,"Pacific Atlantic Water Flow",0,Medium,5,784,145
416,"Partition Equal Subset Sum",0,Medium,37,1547,41
415,"Add Strings",0,Easy,2,521,178
414,"Third Maximum Number",0,Easy,0,437,830
413,"Arithmetic Slices",0,Medium,5,688,135
412,"Fizz Buzz",0,Easy,0,611,896
411,"Minimum Unique Word Abbreviation",1,Hard,1,106,104
410,"Split Array Largest Sum",0,Hard,17,1034,58
409,"Longest Palindrome",0,Easy,9,623,65
408,"Valid Word Abbreviation",1,Easy,0,111,493
407,"Trapping Rain Water II",0,Hard,36,848,23
406,"Queue Reconstruction by Height",0,Medium,8,1852,207
405,"Convert a Number to Hexadecimal",0,Easy,3,316,81
404,"Sum of Left Leaves",0,Easy,8,765,89
403,"Frog Jump",0,Hard,8,606,73
402,"Remove K Digits",0,Medium,16,1153,68
401,"Binary Watch",0,Easy,0,420,715
400,"Nth Digit",0,Medium,0,284,916
399,"Evaluate Division",0,Medium,12,1604,126
398,"Random Pick Index",0,Medium,0,295,506
397,"Integer Replacement",0,Medium,0,248,263
396,"Rotate Function",0,Medium,3,300,97
395,"Longest Substring with At Least K Repeating Characters",0,Medium,11,890,79
394,"Decode String",0,Medium,18,1963,107
393,"UTF-8 Validation",0,Medium,0,162,798
392,"Is Subsequence",0,Easy,4,700,147
391,"Perfect Rectangle",0,Hard,4,258,55
390,"Elimination Game",0,Medium,1,276,244
389,"Find the Difference",0,Easy,2,566,247
388,"Longest Absolute File Path",0,Medium,0,486,1031
387,"First Unique Character in a String",0,Easy,14,1223,87
386,"Lexicographical Numbers",0,Medium,6,426,62
385,"Mini Parser",0,Medium,0,187,668
384,"Shuffle an Array",0,Medium,0,330,767
383,"Ransom Note",0,Easy,2,366,139
382,"Linked List Random Node",0,Medium,3,426,133
381,"Insert Delete GetRandom O(1) - Duplicates allowed",0,Hard,9,517,52
380,"Insert Delete GetRandom O(1)",0,Medium,13,1401,101
379,"Design Phone Directory",1,Medium,0,130,201
378,"Kth Smallest Element in a Sorted Matrix",0,Medium,15,1487,94
377,"Combination Sum IV",0,Medium,8,948,112
376,"Wiggle Subsequence",0,Medium,12,651,52
375,"Guess Number Higher or Lower II",0,Medium,0,602,859
374,"Guess Number Higher or Lower",0,Easy,0,271,1339
373,"Find K Pairs with Smallest Sums",0,Medium,11,828,71
372,"Super Pow",0,Medium,0,154,612
371,"Sum of Two Integers",0,Easy,0,871,1633
370,"Range Addition",1,Medium,29,479,16
369,"Plus One Linked List",1,Medium,27,325,12
368,"Largest Divisible Subset",0,Medium,19,644,33
367,"Valid Perfect Square",0,Easy,4,532,118
366,"Find Leaves of Binary Tree",1,Medium,71,715,10
365,"Water and Jug Problem",0,Medium,0,192,573
364,"Nested List Weight Sum II",1,Medium,4,383,93
363,"Max Sum of Rectangle No Larger Than K",0,Hard,13,493,36
362,"Design Hit Counter",1,Medium,9,413,42
361,"Bomb Enemy",1,Medium,5,339,59
360,"Sort Transformed Array",1,Medium,3,246,71
359,"Logger Rate Limiter",1,Easy,3,267,77
358,"Rearrange String k Distance Apart",1,Hard,22,311,14
357,"Count Numbers with Unique Digits",0,Medium,0,286,686
356,"Line Reflection",1,Medium,0,103,269
355,"Design Twitter",0,Medium,3,592,149
354,"Russian Doll Envelopes",0,Hard,23,695,29
353,"Design Snake Game",1,Medium,2,263,106
352,"Data Stream as Disjoint Intervals",0,Hard,3,218,66
351,"Android Unlock Patterns",1,Medium,0,298,361
350,"Intersection of Two Arrays II",0,Easy,2,855,297
349,"Intersection of Two Arrays",0,Easy,0,494,905
348,"Design Tic-Tac-Toe",1,Medium,14,476,34
347,"Top K Frequent Elements",0,Medium,15,1913,121
346,"Moving Average from Data Stream",1,Easy,8,363,41
345,"Reverse Vowels of a String",0,Easy,0,453,842
344,"Reverse String",0,Easy,1,896,574
343,"Integer Break",0,Medium,3,679,188
342,"Power of Four",0,Easy,2,353,163
341,"Flatten Nested List Iterator",0,Medium,2,1171,486
340,"Longest Substring with At Most K Distinct Characters",1,Hard,29,680,23
339,"Nested List Weight Sum",1,Easy,4,351,77
338,"Counting Bits",0,Medium,14,1672,119
337,"House Robber III",0,Medium,47,1813,38
336,"Palindrome Pairs",0,Hard,7,951,128
335,"Self Crossing",0,Hard,0,96,286
334,"Increasing Triplet Subsequence",0,Medium,10,1058,100
333,"Largest BST Subtree",1,Medium,9,431,47
332,"Reconstruct Itinerary",0,Medium,1,979,641
331,"Verify Preorder Serialization of a Binary Tree",0,Medium,17,580,34
330,"Patching Array",0,Hard,5,368,63
329,"Longest Increasing Path in a Matrix",0,Hard,57,1257,22
328,"Odd Even Linked List",0,Medium,3,944,242
327,"Count of Range Sum",0,Hard,6,480,69
326,"Power of Three",0,Easy,0,335,1188
325,"Maximum Size Subarray Sum Equals k",1,Medium,25,674,26
324,"Wiggle Sort II",0,Medium,1,732,407
323,"Number of Connected Components in an Undirected Graph",1,Medium,28,486,17
322,"Coin Change",0,Medium,28,2321,82
321,"Create Maximum Number",0,Hard,2,471,167
320,"Generalized Abbreviation",1,Medium,9,324,35
319,"Bulb Switcher",0,Medium,0,329,734
318,"Maximum Product of Word Lengths",0,Medium,12,617,50
317,"Shortest Distance from All Buildings",1,Hard,18,558,30
316,"Remove Duplicate Letters",0,Hard,10,907,85
315,"Count of Smaller Numbers After Self",0,Hard,23,1449,61
314,"Binary Tree Vertical Order Traversal",1,Medium,5,672,132
313,"Super Ugly Number",0,Medium,3,431,110
312,"Burst Balloons",0,Hard,32,1631,50
311,"Sparse Matrix Multiplication",1,Medium,2,312,132
310,"Minimum Height Trees",0,Medium,16,1218,74
309,"Best Time to Buy and Sell Stock with Cooldown",0,Medium,26,1610,60
308,"Range Sum Query 2D - Mutable",1,Hard,6,323,48
307,"Range Sum Query - Mutable",0,Medium,13,860,66
306,"Additive Number",0,Medium,0,243,334
305,"Number of Islands II",1,Hard,44,618,14
304,"Range Sum Query 2D - Immutable",0,Medium,4,574,143
303,"Range Sum Query - Immutable",0,Easy,0,561,853
302,"Smallest Rectangle Enclosing Black Pixels",1,Hard,3,158,45
301,"Remove Invalid Parentheses",0,Hard,24,1773,72
300,"Longest Increasing Subsequence",0,Medium,44,3071,69
299,"Bulls and Cows",0,Easy,0,412,451
298,"Binary Tree Longest Consecutive Sequence",1,Medium,4,364,91
297,"Serialize and Deserialize Binary Tree",0,Hard,20,1967,95
296,"Best Meeting Point",1,Hard,14,335,23
295,"Find Median from Data Stream",0,Hard,50,1520,30
294,"Flip Game II",1,Medium,12,312,25
293,"Flip Game",1,Easy,0,73,223
292,"Nim Game",0,Easy,0,414,1250
291,"Word Pattern II",1,Hard,15,324,21
290,"Word Pattern",0,Easy,7,774,104
289,"Game of Life",0,Medium,5,1160,214
288,"Unique Word Abbreviation",1,Medium,0,76,1031
287,"Find the Duplicate Number",0,Medium,8,2983,344
286,"Walls and Gates",1,Medium,83,750,9
285,"Inorder Successor in BST",1,Medium,15,820,53
284,"Peeking Iterator",0,Medium,1,333,231
283,"Move Zeroes",0,Easy,27,2431,88
282,"Expression Add Operators",0,Hard,6,832,119
281,"Zigzag Iterator",1,Medium,14,293,20
280,"Wiggle Sort",1,Medium,9,465,48
279,"Perfect Squares",0,Medium,11,1763,153
278,"First Bad Version",0,Easy,1,788,473
277,"Find the Celebrity",1,Medium,7,763,98
276,"Paint Fence",1,Easy,3,490,149
275,"H-Index II",0,Medium,0,234,417
274,H-Index,0,Medium,0,448,773
273,"Integer to English Words",0,Hard,0,659,1841
272,"Closest Binary Search Tree Value II",1,Hard,25,440,17
271,"Encode and Decode Strings",1,Medium,2,297,110
270,"Closest Binary Search Tree Value",1,Easy,13,477,35
269,"Alien Dictionary",1,Hard,5,1098,213
268,"Missing Number",0,Easy,0,1124,1524
267,"Palindrome Permutation II",1,Medium,7,296,41
266,"Palindrome Permutation",1,Easy,5,235,42
265,"Paint House II",1,Hard,27,389,14
264,"Ugly Number II",0,Medium,15,1139,73
263,"Ugly Number",0,Easy,0,277,495
262,"Trips and Users",0,Hard,1,247,179
261,"Graph Valid Tree",1,Medium,32,744,23
260,"Single Number III",0,Medium,12,1013,82
259,"3Sum Smaller",1,Medium,12,423,34
258,"Add Digits",0,Easy,0,524,859
257,"Binary Tree Paths",0,Easy,13,1071,79
256,"Paint House",1,Easy,9,467,48
255,"Verify Preorder Sequence in Binary Search Tree",1,Medium,9,435,45
254,"Factor Combinations",1,Medium,22,456,20
253,"Meeting Rooms II",1,Medium,61,1731,28
252,"Meeting Rooms",1,Easy,14,379,27
251,"Flatten 2D Vector",1,Medium,1,285,150
250,"Count Univalue Subtrees",1,Medium,4,342,78
249,"Group Shifted Strings",1,Medium,5,312,54
248,"Strobogrammatic Number III",1,Hard,1,134,118
247,"Strobogrammatic Number II",1,Medium,3,287,89
246,"Strobogrammatic Number",1,Easy,0,149,362
245,"Shortest Word Distance III",1,Medium,2,142,60
244,"Shortest Word Distance II",1,Medium,2,246,91
243,"Shortest Word Distance",1,Easy,10,314,30
242,"Valid Anagram",0,Easy,7,877,117
241,"Different Ways to Add Parentheses",0,Medium,19,1151,59
240,"Search a 2D Matrix II",0,Medium,35,1920,54
239,"Sliding Window Maximum",0,Hard,17,2151,126
238,"Product of Array Except Self",0,Medium,11,2882,247
237,"Delete Node in a Linked List",0,Easy,0,906,4440
236,"Lowest Common Ancestor of a Binary Tree",0,Medium,16,2429,145
235,"Lowest Common Ancestor of a Binary Search Tree",0,Easy,14,1318,88
234,"Palindrome Linked List",0,Easy,7,2011,287
233,"Number of Digit One",0,Hard,0,201,502
232,"Implement Queue using Stacks",0,Easy,5,681,121
231,"Power of Two",0,Easy,3,523,140
230,"Kth Smallest Element in a BST",0,Medium,31,1433,46
229,"Majority Element II",0,Medium,8,1058,124
228,"Summary Ranges",0,Medium,1,437,428
227,"Basic Calculator II",0,Medium,5,885,159
226,"Invert Binary Tree",0,Easy,59,2088,35
225,"Implement Stack using Queues",0,Easy,0,401,474
224,"Basic Calculator",0,Hard,9,947,104
223,"Rectangle Area",0,Medium,0,289,562
222,"Count Complete Tree Nodes",0,Medium,8,1263,154
221,"Maximal Square",0,Medium,40,1675,41
220,"Contains Duplicate III",0,Medium,0,783,784
219,"Contains Duplicate II",0,Easy,0,589,725
218,"The Skyline Problem",0,Hard,19,1448,73
217,"Contains Duplicate",0,Easy,0,491,578
216,"Combination Sum III",0,Medium,18,737,39
215,"Kth Largest Element in an Array",0,Medium,12,2475,197
214,"Shortest Palindrome",0,Hard,8,772,93
213,"House Robber II",0,Medium,28,1096,38
212,"Word Search II",0,Hard,17,1456,81
211,"Add and Search Word - Data structure design",0,Medium,16,1049,62
210,"Course Schedule II",0,Medium,14,1274,90
209,"Minimum Size Subarray Sum",0,Medium,16,1404,83
208,"Implement Trie (Prefix Tree)",0,Medium,55,1931,35
207,"Course Schedule",0,Medium,20,2286,110
206,"Reverse Linked List",0,Easy,39,2901,73
205,"Isomorphic Strings",0,Easy,3,915,263
204,"Count Primes",0,Easy,2,1317,450
203,"Remove Linked List Elements",0,Easy,16,993,59
202,"Happy Number",0,Easy,3,1068,276
201,"Bitwise AND of Numbers Range",0,Medium,7,505,67
200,"Number of Islands",0,Medium,28,3298,117
199,"Binary Tree Right Side View",0,Medium,18,1330,71
198,"House Robber",0,Easy,31,3103,100
197,"Rising Temperature",0,Easy,2,282,127
196,"Delete Duplicate Emails",0,Easy,0,320,404
195,"Tenth Line",0,Easy,1,137,128
194,"Transpose File",0,Medium,0,50,147
193,"Valid Phone Numbers",0,Easy,0,112,291
192,"Word Frequency",0,Medium,1,156,85
191,"Number of 1 Bits",0,Easy,1,513,433
190,"Reverse Bits",0,Easy,2,654,230
189,"Rotate Array",0,Easy,2,1701,666
188,"Best Time to Buy and Sell Stock IV",0,Hard,15,934,60
187,"Repeated DNA Sequences",0,Medium,2,520,209
186,"Reverse Words in a String II",1,Medium,3,325,86
185,"Department Top Three Salaries",0,Hard,4,406,85
184,"Department Highest Salary",0,Medium,4,338,84
183,"Customers Who Never Order",0,Easy,8,281,35
182,"Duplicate Emails",0,Easy,15,330,22
181,"Employees Earning More Than Their Managers",0,Easy,8,424,48
180,"Consecutive Numbers",0,Medium,4,288,71
179,"Largest Number",0,Medium,7,1247,160
178,"Rank Scores",0,Medium,6,563,89
177,"Nth Highest Salary",0,Medium,1,292,244
176,"Second Highest Salary",0,Easy,1,581,310
175,"Combine Two Tables",0,Easy,6,722,107
174,"Dungeon Game",0,Hard,44,837,19
173,"Binary Search Tree Iterator",0,Medium,6,1674,252
172,"Factorial Trailing Zeroes",0,Easy,0,562,806
171,"Excel Sheet Column Number",0,Easy,5,648,124
170,"Two Sum III - Data structure design",1,Easy,1,215,185
169,"Majority Element",0,Easy,11,2024,178
168,"Excel Sheet Column Title",0,Easy,4,849,172
167,"Two Sum II - Input array is sorted",0,Easy,2,1109,457
166,"Fraction to Recurring Decimal",0,Medium,0,556,1230
165,"Compare Version Numbers",0,Medium,0,344,1214
164,"Maximum Gap",0,Hard,4,601,140
163,"Missing Ranges",1,Medium,0,242,1431
162,"Find Peak Element",0,Medium,0,1049,1539
161,"One Edit Distance",1,Medium,5,460,91
160,"Intersection of Two Linked Lists",0,Easy,10,2492,249
159,"Longest Substring with At Most Two Distinct Characters",1,Hard,48,632,13
158,"Read N Characters Given Read4 II - Call multiple times",1,Hard,0,345,840
157,"Read N Characters Given Read4",1,Easy,0,187,1626
156,"Binary Tree Upside Down",1,Medium,0,210,681
155,"Min Stack",0,Easy,9,2175,237
154,"Find Minimum in Rotated Sorted Array II",0,Hard,3,565,158
153,"Find Minimum in Rotated Sorted Array",0,Medium,7,1274,182
152,"Maximum Product Subarray",0,Medium,22,2596,115
151,"Reverse Words in a String",0,Medium,0,678,2452
150,"Evaluate Reverse Polish Notation",0,Medium,1,652,388
149,"Max Points on a Line",0,Hard,0,582,1536
148,"Sort List",0,Medium,19,1777,93
147,"Insertion Sort List",0,Medium,0,417,475
146,"LRU Cache",0,Medium,24,3724,152
145,"Binary Tree Postorder Traversal",0,Hard,19,1145,60
144,"Binary Tree Preorder Traversal",0,Medium,21,964,45
143,"Reorder List",0,Medium,14,1136,81
142,"Linked List Cycle II",0,Medium,12,1769,142
141,"Linked List Cycle",0,Easy,7,1843,246
140,"Word Break II",0,Hard,4,1216,275
139,"Word Break",0,Medium,18,2770,151
138,"Copy List with Random Pointer",0,Medium,3,1961,502
137,"Single Number II",0,Medium,3,988,276
136,"Single Number",0,Easy,26,2918,111
135,Candy,0,Hard,4,620,131
134,"Gas Station",0,Medium,2,960,321
133,"Clone Graph",0,Medium,0,997,1052
132,"Palindrome Partitioning II",0,Hard,28,723,25
131,"Palindrome Partitioning",0,Medium,24,1156,48
130,"Surrounded Regions",0,Medium,1,967,495
129,"Sum Root to Leaf Numbers",0,Medium,28,827,29
128,"Longest Consecutive Sequence",0,Hard,18,2239,123
127,"Word Ladder",0,Medium,2,1906,906
126,"Word Ladder II",0,Hard,5,1237,211
125,"Valid Palindrome",0,Easy,0,711,2107
124,"Binary Tree Maximum Path Sum",0,Hard,12,2099,162
123,"Best Time to Buy and Sell Stock III",0,Hard,23,1382,58
122,"Best Time to Buy and Sell Stock II",0,Easy,0,1292,1427
121,"Best Time to Buy and Sell Stock",0,Easy,21,3243,148
120,Triangle,0,Medium,8,1355,154
119,"Pascal s Triangle II",0,Easy,3,562,180
118,"Pascal s Triangle",0,Easy,10,872,84
117,"Populating Next Right Pointers in Each Node II",0,Medium,6,1069,158
116,"Populating Next Right Pointers in Each Node",0,Medium,10,1227,113
115,"Distinct Subsequences",0,Hard,19,809,42
114,"Flatten Binary Tree to Linked List",0,Medium,7,1817,240
113,"Path Sum II",0,Medium,26,1106,41
112,"Path Sum",0,Easy,3,1169,375
111,"Minimum Depth of Binary Tree",0,Easy,1,869,486
110,"Balanced Binary Tree",0,Easy,11,1492,135
109,"Convert Sorted List to Binary Search Tree",0,Medium,17,1265,74
108,"Convert Sorted Array to Binary Search Tree",0,Easy,9,1456,151
107,"Binary Tree Level Order Traversal II",0,Easy,5,863,164
106,"Construct Binary Tree from Inorder and Postorder Traversal",0,Medium,45,1050,23
105,"Construct Binary Tree from Preorder and Inorder Traversal",0,Medium,35,2136,60
104,"Maximum Depth of Binary Tree",0,Easy,27,1607,59
103,"Binary Tree Zigzag Level Order Traversal",0,Medium,17,1246,72
102,"Binary Tree Level Order Traversal",0,Medium,38,1838,48
101,"Symmetric Tree",0,Easy,45,2716,60
100,"Same Tree",0,Easy,29,1344,45
99,"Recover Binary Search Tree",0,Hard,17,967,55
98,"Validate Binary Search Tree",0,Medium,6,2468,365
97,"Interleaving String",0,Hard,17,945,53
96,"Unique Binary Search Trees",0,Medium,25,2102,82
95,"Unique Binary Search Trees II",0,Medium,11,1509,127
94,"Binary Tree Inorder Traversal",0,Medium,22,2029,91
93,"Restore IP Addresses",0,Medium,2,818,345
92,"Reverse Linked List II",0,Medium,14,1506,105
91,"Decode Ways",0,Medium,0,1739,1983
90,"Subsets II",0,Medium,20,1107,54
89,"Gray Code",0,Medium,0,455,1311
88,"Merge Sorted Array",0,Easy,0,1342,3145
87,"Scramble String",0,Hard,0,352,559
86,"Partition List",0,Medium,3,829,220
85,"Maximal Rectangle",0,Hard,33,1785,54
84,"Largest Rectangle in Histogram",0,Hard,38,2387,62
83,"Remove Duplicates from Sorted List",0,Easy,10,947,87
82,"Remove Duplicates from Sorted List II",0,Medium,12,1062,88
81,"Search in Rotated Sorted Array II",0,Medium,2,824,358
80,"Remove Duplicates from Sorted Array II",0,Medium,1,782,591
79,"Word Search",0,Medium,19,2293,119
78,Subsets,0,Medium,42,2436,58
77,Combinations,0,Medium,17,967,56
76,"Minimum Window Substring",0,Hard,14,2885,203
75,"Sort Colors",0,Medium,11,2045,175
74,"Search a 2D Matrix",0,Medium,8,1056,124
73,"Set Matrix Zeroes",0,Medium,5,1320,231
72,"Edit Distance",0,Hard,63,2552,40
71,"Simplify Path",0,Medium,0,517,1368
70,"Climbing Stairs",0,Easy,28,2746,97
69,Sqrt(x),0,Easy,0,913,1542
68,"Text Justification",0,Hard,0,438,1181
67,"Add Binary",0,Easy,5,1183,223
66,"Plus One",0,Easy,0,1017,1792
65,"Valid Number",0,Hard,0,520,3730
64,"Minimum Path Sum",0,Medium,38,1684,44
63,"Unique Paths II",0,Medium,6,1039,172
62,"Unique Paths",0,Medium,13,1956,143
61,"Rotate List",0,Medium,0,740,888
60,"Permutation Sequence",0,Medium,3,1003,268
59,"Spiral Matrix II",0,Medium,6,607,90
58,"Length of Last Word",0,Easy,0,453,1867
57,"Insert Interval",0,Hard,7,1049,134
56,"Merge Intervals",0,Medium,12,2631,209
55,"Jump Game",0,Medium,10,2476,236
54,"Spiral Matrix",0,Medium,3,1425,454
53,"Maximum Subarray",0,Easy,25,5258,210
52,"N-Queens II",0,Hard,2,334,129
51,N-Queens,0,Hard,22,1205,54
50,"Pow(x, n)",0,Medium,0,986,2401
49,"Group Anagrams",0,Medium,15,2104,133
48,"Rotate Image",0,Medium,11,1945,175
47,"Permutations II",0,Medium,28,1291,46
46,Permutations,0,Medium,30,2527,82
45,"Jump Game II",0,Hard,17,1506,87
44,"Wildcard Matching",0,Hard,16,1335,80
43,"Multiply Strings",0,Medium,2,1230,573
42,"Trapping Rain Water",0,Hard,57,4595,80
41,"First Missing Positive",0,Hard,3,2164,654
40,"Combination Sum II",0,Medium,21,1118,51
39,"Combination Sum",0,Medium,32,2534,77
38,"Count and Say",0,Easy,0,917,7242
37,"Sudoku Solver",0,Hard,15,1130,74
36,"Valid Sudoku",0,Medium,2,1058,368
35,"Search Insert Position",0,Easy,7,1576,204
34,"Find First and Last Position of Element in Sorted Array",0,Medium,21,2082,98
33,"Search in Rotated Sorted Array",0,Medium,8,3046,366
32,"Longest Valid Parentheses",0,Hard,21,2345,107
31,"Next Permutation",0,Medium,3,2249,727
30,"Substring with Concatenation of All Words",0,Hard,0,639,1022
29,"Divide Two Integers",0,Medium,0,811,3894
28,"Implement strStr()",0,Easy,0,1069,1516
27,"Remove Element",0,Easy,0,972,2091
26,"Remove Duplicates from Sorted Array",0,Easy,0,1768,3832
25,"Reverse Nodes in k-Group",0,Hard,4,1438,290
24,"Swap Nodes in Pairs",0,Medium,11,1441,128
23,"Merge k Sorted Lists",0,Hard,15,3056,203
22,"Generate Parentheses",0,Medium,16,3421,204
21,"Merge Two Sorted Lists",0,Easy,6,2742,399
20,"Valid Parentheses",0,Easy,20,3446,167
19,"Remove Nth Node From End of List",0,Medium,13,2208,162
18,4Sum,0,Medium,5,1286,257
17,"Letter Combinations of a Phone Number",0,Medium,7,2660,340
16,"3Sum Closest",0,Medium,13,1384,100
15,3Sum,0,Medium,8,4663,548
14,"Longest Common Prefix",0,Easy,1,1657,1499
13,"Roman to Integer",0,Easy,0,1495,2927
12,"Integer to Roman",0,Medium,0,718,2167
11,"Container With Most Water",0,Medium,8,4067,478
10,"Regular Expression Matching",0,Hard,5,3157,589
9,"Palindrome Number",0,Easy,1,1663,1394
8,"String to Integer (atoi)",0,Medium,0,1119,6961
7,"Reverse Integer",0,Easy,0,2506,3906
6,"ZigZag Conversion",0,Medium,0,1219,3689
5,"Longest Palindromic Substring",0,Medium,11,4513,406
4,"Median of Two Sorted Arrays",0,Hard,6,5164,747
3,"Longest Substring Without Repeating Characters",0,Medium,17,6602,383
2,"Add Two Numbers",0,Medium,3,6131,1594
1,"Two Sum",0,Easy,28,12112,421
